symbol,current_price,total_score,avg_volume_10d,trend1_pass,trend1_current,trend1_threshold,trend1_description,trend2_pass,trend2_current,trend2_threshold,trend2_description,snapback_pass,snapback_current,snapback_threshold,snapback_description,momentum_pass,momentum_current,momentum_threshold,momentum_description,stabilizing_pass,stabilizing_current,stabilizing_threshold,stabilizing_description,calculation_timestamp,data_age_hours
DOW,28.10,2,,false,,,,false,,,,false,,,,false,,,,false,,,,2025-06-05T14:54:50,0
COR,288.87,2,,false,,,,false,,,,false,,,,false,,,,false,,,,2025-06-05T14:49:54,0
ALL,205.47,2,,false,,,,false,,,,false,,,,false,,,,false,,,,2025-06-05T14:49:58,0
TEAM,214.86,3,,false,,,,false,,,,false,,,,false,,,,false,,,,2025-06-05T14:49:59,0
AFL,101.86,1,,false,,,,false,,,,false,,,,false,,,,false,,,,2025-06-05T14:49:55,0
DVN,31.52,2,,false,,,,false,,,,false,,,,false,,,,false,,,,2025-06-05T14:54:50,0
AEP,102.00,2,,false,,,,false,,,,false,,,,false,,,,false,,,,2025-06-05T14:49:58,0
REGN,484.90,2,,false,,,,false,,,,false,,,,false,,,,false,,,,2025-06-05T14:50:08,0
LDOS,144.44,2,,false,,,,false,,,,false,,,,false,,,,false,,,,2025-06-05T14:55:03,0
TFC,39.38,2,,false,,,,false,,,,false,,,,false,,,,false,,,,2025-06-05T14:50:11,0
O,55.87,3,,false,,,,false,,,,false,,,,false,,,,false,,,,2025-06-05T14:50:12,0
OKE,80.72,2,,false,,,,false,,,,false,,,,false,,,,false,,,,2025-06-05T14:50:25,0
MPC,156.75,3,,false,,,,false,,,,false,,,,false,,,,false,,,,2025-06-05T14:50:28,0
PCAR,92.01,2,,false,,,,false,,,,false,,,,false,,,,false,,,,2025-06-05T14:50:37,0
D,55.87,4,,false,,,,false,,,,false,,,,false,,,,false,,,,2025-06-05T14:50:39,0
NDAQ,83.59,4,,false,,,,false,,,,false,,,,false,,,,false,,,,2025-06-05T14:50:43,0
DLTR,94.39,3,,false,,,,false,,,,false,,,,false,,,,false,,,,2025-06-05T14:55:04,0
MET,78.10,1,,false,,,,false,,,,false,,,,false,,,,false,,,,2025-06-05T14:50:10,0
SRE,76.32,2,,false,,,,false,,,,false,,,,false,,,,false,,,,2025-06-05T14:50:12,0
PWR,357.77,3,,false,,,,false,,,,false,,,,false,,,,false,,,,2025-06-05T14:50:21,0
CPRT,50.06,2,,false,,,,false,,,,false,,,,false,,,,false,,,,2025-06-05T14:50:25,0
BDX,171.84,2,,false,,,,false,,,,false,,,,false,,,,false,,,,2025-06-05T14:50:30,0
AIG,84.53,4,,false,,,,false,,,,false,,,,false,,,,false,,,,2025-06-05T14:50:39,0
CTVA,71.44,4,,false,,,,false,,,,false,,,,false,,,,false,,,,2025-06-05T14:50:40,0
DGX,174.22,4,,false,,,,false,,,,false,,,,false,,,,false,,,,2025-06-05T14:54:57,0
BIIB,131.07,2,,false,,,,false,,,,false,,,,false,,,,false,,,,2025-06-05T14:55:04,0
NI,38.89,3,,false,,,,false,,,,false,,,,false,,,,false,,,,2025-06-05T14:55:13,0
ZBH,92.33,1,,false,,,,false,,,,false,,,,false,,,,false,,,,2025-06-05T14:55:17,0
GPC,125.75,4,,false,,,,false,,,,false,,,,false,,,,false,,,,2025-06-05T14:55:28,0
PFG,75.84,1,,false,,,,false,,,,false,,,,false,,,,false,,,,2025-06-05T14:55:31,0
PNR,99.25,3,,false,,,,false,,,,false,,,,false,,,,false,,,,2025-06-05T14:55:41,0
LNT,60.23,1,,false,,,,false,,,,false,,,,false,,,,false,,,,2025-06-05T14:55:45,0
EXPD,111.41,2,,false,,,,false,,,,false,,,,false,,,,false,,,,2025-06-05T14:55:53,0
FAST,40.89,4,,false,,,,false,,,,false,,,,false,,,,false,,,,2025-06-05T14:50:51,0
PSX,111.89,1,,false,,,,false,,,,false,,,,false,,,,false,,,,2025-06-05T14:50:52,0
KVUE,21.75,1,,false,,,,false,,,,false,,,,false,,,,false,,,,2025-06-05T14:50:54,0
KDP,32.74,2,,false,,,,false,,,,false,,,,false,,,,false,,,,2025-06-05T14:51:05,0
EXC,42.73,1,,false,,,,false,,,,false,,,,false,,,,false,,,,2025-06-05T14:51:07,0
ZS,301.84,4,,false,,,,false,,,,false,,,,false,,,,false,,,,2025-06-05T14:51:18,0
HES,132.95,0,,false,,,,false,,,,false,,,,false,,,,false,,,,2025-06-05T14:51:26,0
RF,21.24,2,,false,,,,false,,,,false,,,,false,,,,false,,,,2025-06-05T14:55:03,0
PEG,80.23,3,,false,,,,false,,,,false,,,,false,,,,false,,,,2025-06-05T14:51:31,0
TTWO,229.84,4,,false,,,,false,,,,false,,,,false,,,,false,,,,2025-06-05T14:51:38,0
OXY,41.77,2,,false,,,,false,,,,false,,,,false,,,,false,,,,2025-06-05T14:51:45,0
OTIS,94.72,2,,false,,,,false,,,,false,,,,false,,,,false,,,,2025-06-05T14:51:55,0
WY,26.36,2,,false,,,,false,,,,false,,,,false,,,,false,,,,2025-06-05T14:55:06,0
GPN,76.44,2,,false,,,,false,,,,false,,,,false,,,,false,,,,2025-06-05T14:55:17,0
PRU,103.02,1,,false,,,,false,,,,false,,,,false,,,,false,,,,2025-06-05T14:52:00,0
BKR,37.24,0,,false,,,,false,,,,false,,,,false,,,,false,,,,2025-06-05T14:52:08,0
ACGL,94.20,3,,false,,,,false,,,,false,,,,false,,,,false,,,,2025-06-05T14:52:12,0
SYY,72.76,4,,false,,,,false,,,,false,,,,false,,,,false,,,,2025-06-05T14:52:20,0
EQT,55.16,4,,false,,,,false,,,,false,,,,false,,,,false,,,,2025-06-05T14:52:26,0
TKO,167.90,3,,false,,,,false,,,,false,,,,false,,,,false,,,,2025-06-05T14:52:36,0
CSGP,78.41,3,,false,,,,false,,,,false,,,,false,,,,false,,,,2025-06-05T14:52:42,0
JBL,173.56,4,,false,,,,false,,,,false,,,,false,,,,false,,,,2025-06-05T14:55:23,0
GEN,29.39,3,,false,,,,false,,,,false,,,,false,,,,false,,,,2025-06-05T14:55:29,0
HRL,30.69,4,,false,,,,false,,,,false,,,,false,,,,false,,,,2025-06-05T14:55:39,0
CLX,127.62,1,,false,,,,false,,,,false,,,,false,,,,false,,,,2025-06-05T14:55:44,0
DECK,107.68,3,,false,,,,false,,,,false,,,,false,,,,false,,,,2025-06-05T14:55:53,0
BALL,53.23,3,,false,,,,false,,,,false,,,,false,,,,false,,,,2025-06-05T14:55:57,0
HOLX,62.77,2,,false,,,,false,,,,false,,,,false,,,,false,,,,2025-06-05T14:56:07,0
MAS,62.84,2,,false,,,,false,,,,false,,,,false,,,,false,,,,2025-06-05T14:56:17,0
SOLV,75.38,4,,false,,,,false,,,,false,,,,false,,,,false,,,,2025-06-05T14:56:19,0
SJM,110.81,2,,false,,,,false,,,,false,,,,false,,,,false,,,,2025-06-05T14:56:30,0
CHRW,96.02,2,,false,,,,false,,,,false,,,,false,,,,false,,,,2025-06-05T14:56:33,0
AKAM,76.54,3,,false,,,,false,,,,false,,,,false,,,,false,,,,2025-06-05T14:56:43,0
ROST,141.29,3,,false,,,,false,,,,false,,,,false,,,,false,,,,2025-06-05T14:50:52,0
CTRA,24.75,2,,false,,,,false,,,,false,,,,false,,,,false,,,,2025-06-05T14:55:17,0
EW,77.86,4,,false,,,,false,,,,false,,,,false,,,,false,,,,2025-06-05T14:50:52,0
KR,66.14,2,,false,,,,false,,,,false,,,,false,,,,false,,,,2025-06-05T14:51:05,0
SLB,33.08,1,,false,,,,false,,,,false,,,,false,,,,false,,,,2025-06-05T14:51:07,0
GLW,50.63,4,,false,,,,false,,,,false,,,,false,,,,false,,,,2025-06-05T14:51:14,0
CCEP,91.72,4,,false,,,,false,,,,false,,,,false,,,,false,,,,2025-06-05T14:51:20,0
LYB,55.94,2,,false,,,,false,,,,false,,,,false,,,,false,,,,2025-06-05T14:55:19,0
DDOG,122.58,3,,false,,,,false,,,,false,,,,false,,,,false,,,,2025-06-05T14:51:31,0
VLO,126.32,2,,false,,,,false,,,,false,,,,false,,,,false,,,,2025-06-05T14:51:36,0
CTSH,79.48,3,,false,,,,false,,,,false,,,,false,,,,false,,,,2025-06-05T14:51:43,0
CFG,40.03,2,,false,,,,false,,,,false,,,,false,,,,false,,,,2025-06-05T14:55:29,0
KEY,15.84,3,,false,,,,false,,,,false,,,,false,,,,false,,,,2025-06-05T14:55:35,0
HAL,20.04,1,,false,,,,false,,,,false,,,,false,,,,false,,,,2025-06-05T14:55:42,0
BAX,30.04,2,,false,,,,false,,,,false,,,,false,,,,false,,,,2025-06-05T14:55:52,0
FANG,137.14,1,,false,,,,false,,,,false,,,,false,,,,false,,,,2025-06-05T14:51:49,0
HIG,127.04,2,,false,,,,false,,,,false,,,,false,,,,false,,,,2025-06-05T14:51:57,0
EA,147.49,4,,false,,,,false,,,,false,,,,false,,,,false,,,,2025-06-05T14:52:07,0
ETR,81.59,1,,false,,,,false,,,,false,,,,false,,,,false,,,,2025-06-05T14:52:11,0
WEC,105.10,3,,false,,,,false,,,,false,,,,false,,,,false,,,,2025-06-05T14:52:19,0
VICI,31.21,2,,false,,,,false,,,,false,,,,false,,,,false,,,,2025-06-05T14:52:26,0
BRO,109.27,1,,false,,,,false,,,,false,,,,false,,,,false,,,,2025-06-05T14:52:31,0
KHC,26.48,2,,false,,,,false,,,,false,,,,false,,,,false,,,,2025-06-05T14:52:38,0
EVRG,64.89,1,,false,,,,false,,,,false,,,,false,,,,false,,,,2025-06-05T14:55:56,0
OMC,70.40,2,,false,,,,false,,,,false,,,,false,,,,false,,,,2025-06-05T14:56:07,0
UDR,40.93,2,,false,,,,false,,,,false,,,,false,,,,false,,,,2025-06-05T14:56:09,0
TXT,74.43,4,,false,,,,false,,,,false,,,,false,,,,false,,,,2025-06-05T14:56:17,0
JNPR,35.96,3,,false,,,,false,,,,false,,,,false,,,,false,,,,2025-06-05T14:56:30,0
MOS,36.50,3,,false,,,,false,,,,false,,,,false,,,,false,,,,2025-06-05T14:56:32,0
CAG,22.22,2,,false,,,,false,,,,false,,,,false,,,,false,,,,2025-06-05T14:56:43,0
BXP,71.21,3,,false,,,,false,,,,false,,,,false,,,,false,,,,2025-06-05T14:56:44,0
JPM,261.26,3,,false,,,,false,,,,false,,,,false,,,,false,,,,2025-06-05T14:44:54,0
WMT,98.17,4,,false,,,,false,,,,false,,,,false,,,,false,,,,2025-06-05T14:44:56,0
MSFT,466.21,4,,false,,,,false,,,,false,,,,false,,,,false,,,,2025-06-05T14:44:57,0
CF,91.92,4,,false,,,,false,,,,false,,,,false,,,,false,,,,2025-06-05T14:56:06,0
AVGO,261.86,4,,false,,,,false,,,,false,,,,false,,,,false,,,,2025-06-05T14:44:59,0
LHX,241.60,3,,false,,,,false,,,,false,,,,false,,,,false,,,,2025-06-05T14:51:05,0
CCI,100.42,4,,false,,,,false,,,,false,,,,false,,,,false,,,,2025-06-05T14:51:14,0
GOOG,171.03,2,,false,,,,false,,,,false,,,,false,,,,false,,,,2025-06-05T14:45:00,0
V,369.19,4,,false,,,,false,,,,false,,,,false,,,,false,,,,2025-06-05T14:45:08,0
FIS,80.56,4,,false,,,,false,,,,false,,,,false,,,,false,,,,2025-06-05T14:51:20,0
COO,69.49,2,,false,,,,false,,,,false,,,,false,,,,false,,,,2025-06-05T14:56:09,0
AME,176.12,3,,false,,,,false,,,,false,,,,false,,,,false,,,,2025-06-05T14:51:26,0
XEL,68.35,2,,false,,,,false,,,,false,,,,false,,,,false,,,,2025-06-05T14:51:31,0
LLY,761.33,3,,false,,,,false,,,,false,,,,false,,,,false,,,,2025-06-05T14:45:09,0
COST,1023.00,5,,false,,,,false,,,,false,,,,false,,,,false,,,,2025-06-05T14:45:11,0
PG,163.77,2,,false,,,,false,,,,false,,,,false,,,,false,,,,2025-06-05T14:45:19,0
HD,368.85,3,,false,,,,false,,,,false,,,,false,,,,false,,,,2025-06-05T14:45:21,0
KO,71.26,2,,false,,,,false,,,,false,,,,false,,,,false,,,,2025-06-05T14:45:27,0
TMUS,244.84,4,,false,,,,false,,,,false,,,,false,,,,false,,,,2025-06-05T14:45:35,0
UNH,301.83,3,,false,,,,false,,,,false,,,,false,,,,false,,,,2025-06-05T14:45:38,0
IBM,265.92,4,,false,,,,false,,,,false,,,,false,,,,false,,,,2025-06-05T14:45:43,0
CVX,137.24,1,,false,,,,false,,,,false,,,,false,,,,false,,,,2025-06-05T14:45:50,0
LIN,471.29,3,,false,,,,false,,,,false,,,,false,,,,false,,,,2025-06-05T14:45:54,0
T,27.68,3,,false,,,,false,,,,false,,,,false,,,,false,,,,2025-06-05T14:46:03,0
RTX,138.75,4,,false,,,,false,,,,false,,,,false,,,,false,,,,2025-06-05T14:46:06,0
PEP,130.75,2,,false,,,,false,,,,false,,,,false,,,,false,,,,2025-06-05T14:46:10,0
TXN,192.17,3,,false,,,,false,,,,false,,,,false,,,,false,,,,2025-06-05T14:46:19,0
SPGI,515.53,4,,false,,,,false,,,,false,,,,false,,,,false,,,,2025-06-05T14:46:20,0
AMGN,289.28,3,,false,,,,false,,,,false,,,,false,,,,false,,,,2025-06-05T14:46:24,0
TMO,401.22,1,,false,,,,false,,,,false,,,,false,,,,false,,,,2025-06-05T14:46:31,0
NEE,70.14,4,,false,,,,false,,,,false,,,,false,,,,false,,,,2025-06-05T14:46:35,0
DE,509.75,4,,false,,,,false,,,,false,,,,false,,,,false,,,,2025-06-05T14:46:39,0
DHR,192.40,2,,false,,,,false,,,,false,,,,false,,,,false,,,,2025-06-05T14:46:46,0
YUM,142.73,1,,false,,,,false,,,,false,,,,false,,,,false,,,,2025-06-05T14:51:43,0
ED,101.84,2,,false,,,,false,,,,false,,,,false,,,,false,,,,2025-06-05T14:51:49,0
PCG,15.90,2,,false,,,,false,,,,false,,,,false,,,,false,,,,2025-06-05T14:51:55,0
CAH,154.31,3,,false,,,,false,,,,false,,,,false,,,,false,,,,2025-06-05T14:52:01,0
RMD,249.74,3,,false,,,,false,,,,false,,,,false,,,,false,,,,2025-06-05T14:52:08,0
VMC,263.68,3,,false,,,,false,,,,false,,,,false,,,,false,,,,2025-06-05T14:52:16,0
TRGP,161.75,2,,false,,,,false,,,,false,,,,false,,,,false,,,,2025-06-05T14:52:25,0
HSY,162.00,3,,false,,,,false,,,,false,,,,false,,,,false,,,,2025-06-05T14:52:30,0
STZ,172.21,2,,false,,,,false,,,,false,,,,false,,,,false,,,,2025-06-05T14:52:38,0
XYL,125.97,4,,false,,,,false,,,,false,,,,false,,,,false,,,,2025-06-05T14:52:44,0
REG,70.75,2,,false,,,,false,,,,false,,,,false,,,,false,,,,2025-06-05T14:56:17,0
INCY,67.56,3,,false,,,,false,,,,false,,,,false,,,,false,,,,2025-06-05T14:56:20,0
DOC,16.96,2,,false,,,,false,,,,false,,,,false,,,,false,,,,2025-06-05T14:56:31,0
TAP,51.70,2,,false,,,,false,,,,false,,,,false,,,,false,,,,2025-06-05T14:56:43,0
PNW,89.23,1,,false,,,,false,,,,false,,,,false,,,,false,,,,2025-06-05T14:56:44,0
MA,584.90,4,,false,,,,false,,,,false,,,,false,,,,false,,,,2025-06-05T14:45:09,0
XOM,102.02,1,,false,,,,false,,,,false,,,,false,,,,false,,,,2025-06-05T14:45:12,0
RVTY,91.16,1,,false,,,,false,,,,false,,,,false,,,,false,,,,2025-06-05T14:56:50,0
JNJ,153.50,1,,false,,,,false,,,,false,,,,false,,,,false,,,,2025-06-05T14:45:21,0
ABBV,187.74,3,,false,,,,false,,,,false,,,,false,,,,false,,,,2025-06-05T14:45:24,0
PM,182.16,3,,false,,,,false,,,,false,,,,false,,,,false,,,,2025-06-05T14:45:31,0
CSCO,64.57,4,,false,,,,false,,,,false,,,,false,,,,false,,,,2025-06-05T14:45:37,0
SWKS,71.01,2,,false,,,,false,,,,false,,,,false,,,,false,,,,2025-06-05T14:56:56,0
SWK,65.41,2,,false,,,,false,,,,false,,,,false,,,,false,,,,2025-06-05T14:57:07,0
HAS,65.96,3,,false,,,,false,,,,false,,,,false,,,,false,,,,2025-06-05T14:57:10,0
LW,54.76,3,,false,,,,false,,,,false,,,,false,,,,false,,,,2025-06-05T14:57:18,0
NRG,156.65,4,,false,,,,false,,,,false,,,,false,,,,false,,,,2025-06-05T14:52:49,0
MTB,178.93,1,,false,,,,false,,,,false,,,,false,,,,false,,,,2025-06-05T14:52:53,0
DTE,132.48,2,,false,,,,false,,,,false,,,,false,,,,false,,,,2025-06-05T14:53:01,0
WFC,74.51,2,,false,,,,false,,,,false,,,,false,,,,false,,,,2025-06-05T14:45:41,0
ABT,132.63,4,,false,,,,false,,,,false,,,,false,,,,false,,,,2025-06-05T14:45:49,0
MCD,310.11,2,,false,,,,false,,,,false,,,,false,,,,false,,,,2025-06-05T14:45:52,0
NOW,1022.75,4,,false,,,,false,,,,false,,,,false,,,,false,,,,2025-06-05T14:45:56,0
MRK,78.10,2,,false,,,,false,,,,false,,,,false,,,,false,,,,2025-06-05T14:46:06,0
VZ,43.23,3,,false,,,,false,,,,false,,,,false,,,,false,,,,2025-06-05T14:46:07,0
PGR,280.37,3,,false,,,,false,,,,false,,,,false,,,,false,,,,2025-06-05T14:46:14,0
SCHW,87.35,3,,false,,,,false,,,,false,,,,false,,,,false,,,,2025-06-05T14:46:19,0
BSX,102.45,3,,false,,,,false,,,,false,,,,false,,,,false,,,,2025-06-05T14:46:21,0
SYK,384.26,4,,false,,,,false,,,,false,,,,false,,,,false,,,,2025-06-05T14:46:30,0
HON,227.10,4,,false,,,,false,,,,false,,,,false,,,,false,,,,2025-06-05T14:46:32,0
TJX,126.89,3,,false,,,,false,,,,false,,,,false,,,,false,,,,2025-06-05T14:46:36,0
GILD,111.00,3,,false,,,,false,,,,false,,,,false,,,,false,,,,2025-06-05T14:46:46,0
HUM,231.88,3,,false,,,,false,,,,false,,,,false,,,,false,,,,2025-06-05T14:53:11,0
AWK,139.14,3,,false,,,,false,,,,false,,,,false,,,,false,,,,2025-06-05T14:53:16,0
KEYS,159.62,4,,false,,,,false,,,,false,,,,false,,,,false,,,,2025-06-05T14:53:24,0
GDDY,180.76,3,,false,,,,false,,,,false,,,,false,,,,false,,,,2025-06-05T14:53:31,0
FITB,38.15,2,,false,,,,false,,,,false,,,,false,,,,false,,,,2025-06-05T14:53:40,0
ATO,152.34,2,,false,,,,false,,,,false,,,,false,,,,false,,,,2025-06-05T14:53:48,0
CHD,99.53,3,,false,,,,false,,,,false,,,,false,,,,false,,,,2025-06-05T14:53:58,0
FTV,71.81,3,,false,,,,false,,,,false,,,,false,,,,false,,,,2025-06-05T14:54:03,0
FOX,50.05,4,,false,,,,false,,,,false,,,,false,,,,false,,,,2025-06-05T14:54:18,0
SW,42.90,2,,false,,,,false,,,,false,,,,false,,,,false,,,,2025-06-05T14:54:25,0
AMCR,9.03,2,,false,,,,false,,,,false,,,,false,,,,false,,,,2025-06-05T14:54:36,0
TSN,55.27,2,,false,,,,false,,,,false,,,,false,,,,false,,,,2025-06-05T14:54:46,0
UNP,220.40,2,,false,,,,false,,,,false,,,,false,,,,false,,,,2025-06-05T14:46:52,0
PFE,23.32,2,,false,,,,false,,,,false,,,,false,,,,false,,,,2025-06-05T14:46:54,0
CMCSA,34.41,3,,false,,,,false,,,,false,,,,false,,,,false,,,,2025-06-05T14:46:59,0
LOW,228.10,3,,false,,,,false,,,,false,,,,false,,,,false,,,,2025-06-05T14:47:07,0
CB,289.65,3,,false,,,,false,,,,false,,,,false,,,,false,,,,2025-06-05T14:47:14,0
GIS,54.47,2,,false,,,,false,,,,false,,,,false,,,,false,,,,2025-06-05T14:52:50,0
IRM,99.83,4,,false,,,,false,,,,false,,,,false,,,,false,,,,2025-06-05T14:52:56,0
MMC,228.07,3,,false,,,,false,,,,false,,,,false,,,,false,,,,2025-06-05T14:47:18,0
LKQ,38.66,1,,false,,,,false,,,,false,,,,false,,,,false,,,,2025-06-05T14:56:55,0
LVS,40.81,2,,false,,,,false,,,,false,,,,false,,,,false,,,,2025-06-05T14:53:02,0
VTRS,8.56,1,,false,,,,false,,,,false,,,,false,,,,false,,,,2025-06-05T14:56:57,0
DD,67.57,1,,false,,,,false,,,,false,,,,false,,,,false,,,,2025-06-05T14:53:13,0
WBA,11.27,4,,false,,,,false,,,,false,,,,false,,,,false,,,,2025-06-05T14:57:08,0
IPG,22.77,2,,false,,,,false,,,,false,,,,false,,,,false,,,,2025-06-05T14:57:11,0
ROL,57.64,4,,false,,,,false,,,,false,,,,false,,,,false,,,,2025-06-05T14:53:20,0
AEE,96.18,4,,false,,,,false,,,,false,,,,false,,,,false,,,,2025-06-05T14:53:25,0
AES,10.12,3,,false,,,,false,,,,false,,,,false,,,,false,,,,2025-06-05T14:57:18,0
CRWD,457.64,2,,false,,,,false,,,,false,,,,false,,,,false,,,,2025-06-05T14:47:21,0
CHTR,391.01,3,,false,,,,false,,,,false,,,,false,,,,false,,,,2025-06-05T14:47:25,0
APH,92.37,4,,false,,,,false,,,,false,,,,false,,,,false,,,,2025-06-05T14:47:32,0
COP,85.53,1,,false,,,,false,,,,false,,,,false,,,,false,,,,2025-06-05T14:47:34,0
CME,275.81,2,,false,,,,false,,,,false,,,,false,,,,false,,,,2025-06-05T14:47:40,0
MO,59.46,3,,false,,,,false,,,,false,,,,false,,,,false,,,,2025-06-05T14:47:47,0
AMT,216.15,4,,false,,,,false,,,,false,,,,false,,,,false,,,,2025-06-05T14:47:54,0
BMY,48.39,3,,false,,,,false,,,,false,,,,false,,,,false,,,,2025-06-05T14:47:56,0
TT,431.69,3,,false,,,,false,,,,false,,,,false,,,,false,,,,2025-06-05T14:48:00,0
SBUX,88.08,2,,false,,,,false,,,,false,,,,false,,,,false,,,,2025-06-05T14:48:09,0
CTAS,227.47,4,,false,,,,false,,,,false,,,,false,,,,false,,,,2025-06-05T14:48:14,0
MCK,711.97,2,,false,,,,false,,,,false,,,,false,,,,false,,,,2025-06-05T14:48:16,0
MDLZ,66.22,2,,false,,,,false,,,,false,,,,false,,,,false,,,,2025-06-05T14:48:23,0
ELV,381.11,3,,false,,,,false,,,,false,,,,false,,,,false,,,,2025-06-05T14:48:26,0
UPS,97.37,1,,false,,,,false,,,,false,,,,false,,,,false,,,,2025-06-05T14:48:38,0
CVS,63.78,4,,false,,,,false,,,,false,,,,false,,,,false,,,,2025-06-05T14:48:40,0
RSG,253.10,3,,false,,,,false,,,,false,,,,false,,,,false,,,,2025-06-05T14:48:45,0
PPL,34.15,2,,false,,,,false,,,,false,,,,false,,,,false,,,,2025-06-05T14:53:34,0
DRI,214.72,4,,false,,,,false,,,,false,,,,false,,,,false,,,,2025-06-05T14:53:47,0
IP,47.00,2,,false,,,,false,,,,false,,,,false,,,,false,,,,2025-06-05T14:53:48,0
FE,40.78,2,,false,,,,false,,,,false,,,,false,,,,false,,,,2025-06-05T14:54:00,0
ES,64.69,4,,false,,,,false,,,,false,,,,false,,,,false,,,,2025-06-05T14:54:08,0
HBAN,15.69,2,,false,,,,false,,,,false,,,,false,,,,false,,,,2025-06-05T14:54:21,0
EIX,53.94,1,,false,,,,false,,,,false,,,,false,,,,false,,,,2025-06-05T14:54:31,0
DG,114.64,3,,false,,,,false,,,,false,,,,false,,,,false,,,,2025-06-05T14:54:36,0
IFF,76.80,2,,false,,,,false,,,,false,,,,false,,,,false,,,,2025-06-05T14:54:48,0
BG,74.21,1,,false,,,,false,,,,false,,,,false,,,,false,,,,2025-06-05T14:56:56,0
CPB,33.99,2,,false,,,,false,,,,false,,,,false,,,,false,,,,2025-06-05T14:57:00,0
RJF,142.65,1,,false,,,,false,,,,false,,,,false,,,,false,,,,2025-06-05T14:52:51,0
PDD,99.25,2,,false,,,,false,,,,false,,,,false,,,,false,,,,2025-06-05T14:46:53,0
K,81.88,2,,false,,,,false,,,,false,,,,false,,,,false,,,,2025-06-05T14:53:00,0
WRB,73.36,3,,false,,,,false,,,,false,,,,false,,,,false,,,,2025-06-05T14:53:07,0
DAY,60.55,3,,false,,,,false,,,,false,,,,false,,,,false,,,,2025-06-05T14:57:09,0
CNC,54.94,2,,false,,,,false,,,,false,,,,false,,,,false,,,,2025-06-05T14:53:13,0
EXE,115.53,3,,false,,,,false,,,,false,,,,false,,,,false,,,,2025-06-05T14:53:21,0
EQR,68.74,2,,false,,,,false,,,,false,,,,false,,,,false,,,,2025-06-05T14:53:31,0
ADP,325.75,4,,false,,,,false,,,,false,,,,false,,,,false,,,,2025-06-05T14:46:58,0
PANW,196.96,4,,false,,,,false,,,,false,,,,false,,,,false,,,,2025-06-05T14:47:07,0
ETN,325.84,4,,false,,,,false,,,,false,,,,false,,,,false,,,,2025-06-05T14:47:07,0
COF,193.24,4,,false,,,,false,,,,false,,,,false,,,,false,,,,2025-06-05T14:47:14,0
VRTX,442.21,1,,false,,,,false,,,,false,,,,false,,,,false,,,,2025-06-05T14:47:21,0
LMT,480.24,4,,false,,,,false,,,,false,,,,false,,,,false,,,,2025-06-05T14:47:25,0
MDT,86.75,3,,false,,,,false,,,,false,,,,false,,,,false,,,,2025-06-05T14:47:33,0
ADI,219.57,4,,false,,,,false,,,,false,,,,false,,,,false,,,,2025-06-05T14:47:40,0
ICE,178.34,3,,false,,,,false,,,,false,,,,false,,,,false,,,,2025-06-05T14:47:44,0
WELL,151.68,2,,false,,,,false,,,,false,,,,false,,,,false,,,,2025-06-05T14:47:48,0
SO,89.03,4,,false,,,,false,,,,false,,,,false,,,,false,,,,2025-06-05T14:47:55,0
WM,238.50,4,,false,,,,false,,,,false,,,,false,,,,false,,,,2025-06-05T14:47:59,0
CEG,296.59,3,,false,,,,false,,,,false,,,,false,,,,false,,,,2025-06-05T14:48:08,0
DUK,116.00,4,,false,,,,false,,,,false,,,,false,,,,false,,,,2025-06-05T14:48:10,0
FI,164.78,3,,false,,,,false,,,,false,,,,false,,,,false,,,,2025-06-05T14:48:14,0
AJG,325.62,2,,false,,,,false,,,,false,,,,false,,,,false,,,,2025-06-05T14:48:17,0
VTR,63.07,1,,false,,,,false,,,,false,,,,false,,,,false,,,,2025-06-05T14:48:25,0
CI,312.01,2,,false,,,,false,,,,false,,,,false,,,,false,,,,2025-06-05T14:48:33,0
ABNB,136.28,3,,false,,,,false,,,,false,,,,false,,,,false,,,,2025-06-05T14:48:39,0
INTC,20.10,1,,false,,,,false,,,,false,,,,false,,,,false,,,,2025-06-05T14:48:42,0
TSCO,50.93,2,,false,,,,false,,,,false,,,,false,,,,false,,,,2025-06-05T14:53:35,0
PPG,111.17,2,,false,,,,false,,,,false,,,,false,,,,false,,,,2025-06-05T14:53:48,0
CNP,37.01,2,,false,,,,false,,,,false,,,,false,,,,false,,,,2025-06-05T14:53:50,0
EL,68.16,2,,false,,,,false,,,,false,,,,false,,,,false,,,,2025-06-05T14:54:03,0
CDW,176.23,3,,false,,,,false,,,,false,,,,false,,,,false,,,,2025-06-05T14:54:15,0
ADM,47.39,1,,false,,,,false,,,,false,,,,false,,,,false,,,,2025-06-05T14:54:21,0
CMS,69.23,1,,false,,,,false,,,,false,,,,false,,,,false,,,,2025-06-05T14:54:35,0
INVH,32.95,2,,false,,,,false,,,,false,,,,false,,,,false,,,,2025-06-05T14:54:37,0
MKC,72.80,3,,false,,,,false,,,,false,,,,false,,,,false,,,,2025-06-05T14:54:49,0
HSIC,70.66,4,,false,,,,false,,,,false,,,,false,,,,false,,,,2025-06-05T14:57:17,0
AON,368.04,3,,false,,,,false,,,,false,,,,false,,,,false,,,,2025-06-05T14:48:50,0
CDNS,296.86,4,,false,,,,false,,,,false,,,,false,,,,false,,,,2025-06-05T14:48:55,0
DELL,112.87,3,,false,,,,false,,,,false,,,,false,,,,false,,,,2025-06-05T14:49:02,0
ECL,265.94,4,,false,,,,false,,,,false,,,,false,,,,false,,,,2025-06-05T14:49:06,0
GD,273.46,3,,false,,,,false,,,,false,,,,false,,,,false,,,,2025-06-05T14:49:10,0
WMB,60.43,4,,false,,,,false,,,,false,,,,false,,,,false,,,,2025-06-05T14:49:13,0
NOC,490.07,4,,false,,,,false,,,,false,,,,false,,,,false,,,,2025-06-05T14:49:20,0
USB,43.72,2,,false,,,,false,,,,false,,,,false,,,,false,,,,2025-06-05T14:49:27,0
CMG,53.24,3,,false,,,,false,,,,false,,,,false,,,,false,,,,2025-06-05T14:49:29,0
MNST,62.85,4,,false,,,,false,,,,false,,,,false,,,,false,,,,2025-06-05T14:49:35,0
APD,278.08,2,,false,,,,false,,,,false,,,,false,,,,false,,,,2025-06-05T14:49:41,0
NEM,55.57,4,,false,,,,false,,,,false,,,,false,,,,false,,,,2025-06-05T14:49:45,0
PAYX,159.38,4,,false,,,,false,,,,false,,,,false,,,,false,,,,2025-06-05T14:49:48,0
MMM,145.47,3,,false,,,,false,,,,false,,,,false,,,,false,,,,2025-06-05T14:48:52,0
FTNT,102.70,4,,false,,,,false,,,,false,,,,false,,,,false,,,,2025-06-05T14:48:56,0
CL,90.13,2,,false,,,,false,,,,false,,,,false,,,,false,,,,2025-06-05T14:49:02,0
ZTS,169.76,4,,false,,,,false,,,,false,,,,false,,,,false,,,,2025-06-05T14:49:09,0
SNPS,479.85,5,,false,,,,false,,,,false,,,,false,,,,false,,,,2025-06-05T14:49:13,0
ITW,246.08,3,,false,,,,false,,,,false,,,,false,,,,false,,,,2025-06-05T14:49:16,0
PNC,173.94,1,,false,,,,false,,,,false,,,,false,,,,false,,,,2025-06-05T14:49:23,0
BK,88.34,4,,false,,,,false,,,,false,,,,false,,,,false,,,,2025-06-05T14:49:29,0
TRV,270.14,2,,false,,,,false,,,,false,,,,false,,,,false,,,,2025-06-05T14:49:30,0
KMI,28.07,4,,false,,,,false,,,,false,,,,false,,,,false,,,,2025-06-05T14:49:37,0
EOG,110.55,2,,false,,,,false,,,,false,,,,false,,,,false,,,,2025-06-05T14:49:41,0
DLR,176.34,4,,false,,,,false,,,,false,,,,false,,,,false,,,,2025-06-05T14:49:46,0
